,0,1,2,3
0,0.14782936921505463,0.4664273155420515,0.5179865187666572,0.1772708791103228
1,0.3532996955947306,0.8027706024492667,0.6084751830129469,0.4882691394364126
2,0.36213196952734295,0.36944986638411026,0.62184393337842,0.5160066929204936
3,0.3446729045858955,0.9420759163320332,0.29524826974530316,0.6541875946726076
4,0.5605238332227622,0.9783712261371867,0.45179705219313104,0.2543123916404031
5,0.7409183120727315,0.1842481247757275,0.7387168607493322,0.5738686392690027
6,0.4373311594357703,0.7013026368110127,0.5318823738094649,0.4525896516528206
7,0.30898170909382316,0.7881126886470956,0.6634468842009474,0.7706612734754669
8,0.9633783707452426,0.40083178517483997,0.048892276965783465,0.3353491678184386
9,0.9422212447195412,0.1949641322127591,0.8253783236665561,0.16071848559922408
10,0.7619865705149566,0.9858288845066577,0.16542444228530606,0.03371539814589797
11,0.36268153677620507,0.9927654689620029,0.3888562864431103,0.7623809562697614
12,0.5758863352756692,0.02712166900042412,0.5083863322960973,0.8791255329911382
13,0.31343224897721933,0.47556066662862073,0.9479382703363285,0.4510297007351315
14,0.26483791993011774,0.7601313025417723,0.23704343670833483,0.9544697164452262
15,0.7762388544682803,0.2774944422148572,0.793540674972881,0.41496017504855565
16,0.575216491233239,0.8195057974564466,0.3251125523683921,0.8758809173878084
17,0.5492751771765748,0.14125740603417747,0.5985809067141936,0.7959587096476134
18,0.9800457874062033,0.52231211486062,0.681801394375266,0.9158154353323136
19,0.49141442345459885,0.15200325367995604,0.2330207599519073,0.20209718870919768
20,0.3160801516521413,0.8704268834534912,0.03418261426475433,0.0015713144811360102
21,0.986587210632143,0.5067135513220908,0.6388140621855565,0.08233468466716454
22,0.242635190899546,0.5535898766603726,0.8889999059399721,0.679576852760652
23,0.08580396939725676,0.5539512515323813,0.507270196158263,0.7079785299506364
24,0.2945529647248756,0.7393443070704172,0.18490822493036585,0.04958914999462749
25,0.8333717018926758,0.8591916306792412,0.8100048416454375,0.09339855622913285
26,0.014294933129244014,0.24472864046562237,0.22688796723146198,0.8595031107738274
27,0.8050752711883435,0.45044104553075004,0.17214321601356042,0.21024808874657008
28,0.6777057199553022,0.12617278537489063,0.29533229767824665,0.20106948826036408
29,0.8068578707589347,0.44678034777753184,0.22555595754914548,0.8947509428963808
30,0.05660822404849852,0.4367229708463597,0.20557577850686426,0.15895707029214967
31,0.25398057961603315,0.6961904767677575,0.1450140755264755,0.10320604250686749
32,0.5158404400801622,0.6118565215792218,0.14107056320575762,0.010588562394209133
33,0.37574945800170534,0.08591224253503982,0.5880005324519112,0.898392397927482
34,0.03402867616719363,0.10887959401696212,0.7552416486312307,0.6749662887349744
35,0.49462125491697273,0.37487830134402755,0.7427272123318307,0.641599795786186
36,0.6498395297218234,0.08020656650600544,0.6018709951366294,0.7386548846304676
37,0.4892592020402141,0.9677368106613002,0.22343194357243312,0.09012220863675424
38,0.5810447290571537,0.5093335031209777,0.46478214692745445,0.47276628483925087
39,0.9401834457030167,0.4922403744429875,0.992877364373735,0.8346778391869558
40,0.5292609405316013,0.23576051303998202,0.27738123640502543,0.2161236628790072
41,0.4532681257636827,0.7671745465581592,0.6832684127930345,0.6202278404795178
42,0.7425321023131248,0.43962362195343496,0.8904465285047047,0.9558661320137647
43,0.27688089419667405,0.47232533529148313,0.49560540748351445,0.4424807215875326
44,0.3720975126825533,0.45677848425240686,0.7165681066998368,0.5666267893075261
45,0.8109844896637227,0.7273896696966025,0.29479094152349317,0.3455804010347421
46,0.08464225520706126,0.72662325639333,0.0850071524022995,0.1617665094046854
47,0.4895224411839063,0.6760175961853397,0.8893522032364883,0.7950270798310982
48,0.6835460711434377,0.38108703809221967,0.4107295354080559,0.7374606688052063
49,0.4892471027963641,0.8053256605811685,0.29019455046087983,0.8146300592274467
50,0.7928508280953127,0.19504380173567026,0.9904030119144743,0.7295405789070718
51,0.5048900122313725,0.6486934445023651,0.4362984252067541,0.45418956473004335
52,0.4277655204573487,0.037401469998913695,0.42152149796943805,0.8015411525354118
53,0.1886025803555833,0.9954185799303289,0.4186136173372812,0.7437168994576678
54,0.8305753707706076,0.7162109207181258,0.28463262048664684,0.9996437872397338
55,0.6200338998658979,0.5666015553529077,0.02431850836525895,0.05934356364861093
56,0.3590849331234315,0.7123232944923735,0.06484166424822724,0.4961052310828006
57,0.44410855102677416,0.7975488901277057,0.33251578050360653,0.30091597383503466
58,0.8952794042062692,0.2750932867209398,0.5449436873925656,0.5958397803263534
59,0.47187583155432067,0.5553165928103235,0.562976343561802,0.024278193702867767
60,0.7391845491291248,0.29659465978871435,0.3960829020093961,0.5970116004317509
61,0.6075394192676069,0.7998060812867223,0.40035837454359124,0.5493803720373046
62,0.9158898502443722,0.5787163298673612,0.3749978487812029,0.020268242658588842
63,0.9321627875700519,0.6934742065042403,0.6169106284771975,0.19231219548943146
64,0.07128817499622875,0.9817358237264078,0.6816799099542703,0.12178463456435973
65,0.06876402240640467,0.05308977073165477,0.08429958201266641,0.10593557433097933
66,0.5014654108484947,0.9680189346752548,0.6387211471366818,0.9565564718301595
67,0.13397012228572758,0.585309116055587,0.5077216033614516,0.05017511107506256
68,0.08217339826471004,0.6961097073187904,0.8904105615799317,0.45135282524692755
69,0.24522794144342508,0.3263260794310354,0.8227383804472412,0.16300336858155007
70,0.7727278442458357,0.5003791298572823,0.8626888111208372,0.5149204878297495
71,0.02728264332554453,0.35726245752830377,0.740293980115221,0.5746167039164414
72,0.46410826881038736,0.44297270431858804,0.02318578178361763,0.7759533179610926
73,0.9609128545807555,0.17039237673665053,0.5070357415130129,0.669934358747365
74,0.9654387736316565,0.8245340442830591,0.1869322970573012,0.6217778095952734
75,0.04245584278367054,0.5989837910886979,0.7786353690753011,0.05711606838889716
76,0.5315679899765766,0.7373308412110317,0.1642868709578239,0.8992358244147226
77,0.9812707485884228,0.2724200577307708,0.550806152610216,0.43785317417948133
78,0.543960652678206,0.285995311945362,0.6558439479418121,0.5509967511296117
79,0.1823691738663793,0.17350866816499833,0.30560315598447274,0.3885048505353115
80,0.9599731657420678,0.4432653439437616,0.17418117882195283,0.9785767915764888
81,0.27570381727862525,0.879874375309146,0.0907904652007232,0.9311613889481755
82,0.8595769694522961,0.2702989373587049,0.45430465154090294,0.024614735979585634
83,0.043813507170450294,0.841400361921447,0.5796286432122688,0.792996562362854
84,0.5827928202574083,0.9762233190600852,0.4969817915173713,0.3658902790516978
85,0.5603393874811081,0.1276878356323361,0.858990939032155,0.0982396932915901
86,0.21392394038771623,0.49332918394765446,0.5476904258333477,0.6349348258825742
87,0.32359238325173034,0.2866809035110751,0.6034991250322181,0.7973349879477545
88,0.2784214423247846,0.5166283718797234,0.34663137315480896,0.3553795013861435
89,0.5834318337491142,0.6836445613321047,0.01023404380313786,0.1845533200745516
90,0.3942252271360901,0.5835878949868931,0.8638648291559932,0.37492987583580273
91,0.7901698061816117,0.9770656866314406,0.04314959138739449,0.4839857875433623
92,0.5115617107492411,0.00543671234197407,0.7401093999607675,0.0708048292931237
93,0.6969141427459613,0.43420218244655984,0.2832063599490888,0.614626307552468
94,0.09807336635385422,0.9204177112571015,0.14257149836003213,0.14450504321018498
95,0.08164741574692624,0.09629869309489614,0.2819985035017153,0.7967628064818192
96,0.3941002543541149,0.8900866596171556,0.471686823114283,0.10953112286125921
97,0.8523385886911569,0.17080886498635428,0.676938639066699,0.5189482381454973
98,0.15845525814954442,0.06742655473920278,0.31982337333746613,0.9745921137591449
99,0.17179234744310878,0.4523348407228608,0.5183967928220483,0.968495066500432
100,0.1616765434561731,0.06769632437350792,0.49867371969627283,0.5785753712982834
101,0.9654887562433048,0.34635124382384996,0.5731652249799785,0.768682297999045
102,0.8851195381828482,0.6047765098229823,0.48528987089247966,0.8390401062649828
103,0.21808820678807417,0.570855951607675,0.5866539373676362,0.5509563511173503
104,0.05302512621059796,0.2638615732777595,0.3146331499617089,0.9842073404662688
105,0.575239147766267,0.3553158303006243,0.4583473094834378,0.7503851127076369
106,0.9087189799558127,0.2570238776679332,0.153549339168489,0.623445185423727
107,0.7266716624979929,0.16956057514404266,0.3379978302476898,0.9153792129731746
108,0.5490375221304185,0.7152016281395859,0.34557418998735034,0.5749915947510721
109,0.07815644331584015,0.7954487016505957,0.6234262783498958,0.8865443092848106
110,0.7446553513169625,0.04619827839853974,0.259593174568012,0.6065775399545573
111,0.7143736141270385,0.0929735493769952,0.14699797900655975,0.011591768783846934
112,0.23291313632716115,0.12463725108433565,0.8175638929573866,0.24910372414641624
113,0.3469607878546743,0.7054701752918356,0.7727703584839147,0.05874978917020712
114,0.8131835400724245,0.8830942257925292,0.4958188834992482,0.8958230903830805
115,0.900372759576163,0.11186184489063,0.15699873282463161,0.5436008960753111
116,0.47102224243089275,0.694159016272928,0.8539664335353759,0.29809623145309305
117,0.5187127540297362,0.6637127687993403,0.32734670700341173,0.0009764864573130749
118,0.049816106990365205,0.15526612090510028,0.5727648162898916,0.32219778892255635
119,0.36171969670765813,0.10460507161153354,0.1803184858620066,0.7258036489685525
120,0.3273115811793842,0.9076612597653886,0.5370877641589691,0.8433646567763745
121,0.2628200829657862,0.2929314126271785,0.07017876207635654,0.886556255382698
122,0.7235406383747818,0.5605829090171865,0.35310176775073343,0.4913417903747783
123,0.5401172514670229,0.02884126869844461,0.5708878200670622,0.02799882532331255
124,0.4038526491753899,0.6514825168960079,0.32650527242903726,0.13667328540349044
125,0.2158591201466985,0.9913353807859956,0.9447595689966726,0.878925550464964
126,0.8088831709756216,0.6979227872940615,0.661233088848391,0.8578882637396906
127,0.14592010633559194,0.900819230236868,0.9738796213204987,0.9534548803219293
128,0.4940787602791774,0.9977883779328349,0.009250797576272674,0.5084612302004912
129,0.22199242445156575,0.14721825198538707,0.01824795678098745,0.667937726586332
130,0.989541222019145,0.5052059819780437,0.713023925742469,0.3554885136270427
131,0.887609299260275,0.02629399063640181,0.6644879558565782,0.7482074602613953
132,0.641329824144285,0.40155612239946736,0.5705937434573656,0.29388018858775233
133,0.9667811762844032,0.7228307541993796,0.991850307718469,0.347155017020467
134,0.06068868286827456,0.20579771271336045,0.7369706723803399,0.06359557281669048
135,0.3498487668499065,0.2588176469867942,0.6332608235771038,0.7317576649416725
136,0.489027367729134,0.27441765179576816,0.22572879309313476,0.5381569545167983
137,0.4732820851814351,0.6985294887251645,0.8956173281553089,0.7996432238645912
138,0.8533373563533057,0.2509943839242176,0.19470376429623182,0.5983858215024169
139,0.9289297362904014,0.371401336957937,0.30394691366722293,0.4196607951053085
140,0.7033956802909521,0.3745184155093202,0.12836686866233982,0.3964792443581856
141,0.721527286174403,0.87176400853606,0.8508263535218713,0.17743321046462257
142,0.2619619496027875,0.6598668832143317,0.9483942102802945,0.9853684108583459
143,0.3787446093327277,0.2062845304332218,0.9449331073774019,0.2146493160233166
144,0.8583650323869252,0.9713398956114745,0.5744814390525034,0.7729634394078249
145,0.32190910025647945,0.691896203613074,0.3442552322196092,0.14125035878362913
146,0.2828607360539742,0.7327776613793253,0.2227703767508613,0.1024914962757415
147,0.3098385611604312,0.3721998948737595,0.6936308568410553,0.14132033925122545
148,0.9966597206739432,0.2181320291279535,0.7107844130727554,0.3883796681675714
149,0.7130408110562965,0.3513585002795381,0.4438148250690678,0.2790756966205066
150,0.9010826301481621,0.6600571283814195,0.5738939922536529,0.4229128779021084
151,0.394220120540848,0.026172361296804225,0.860823607259475,0.8323158278514425
152,0.17631955656120513,0.7793512401590743,0.645151344351498,0.500711739600178
153,0.7057972769488908,0.692175116501153,0.6623643257729748,0.19626150628818306
154,0.7901477632230818,0.5586966980783085,0.9888122520702527,0.4232898135981388
155,0.328179964696537,0.9715562812810817,0.312393594693967,0.9879638173164448
156,0.9077827568523471,0.6903551192401127,0.838862064049635,0.633300647445205
157,0.4806757974098933,0.3096392557976253,0.9659974843917978,0.46687424178237347
158,0.8532273477024103,0.2185749380160854,0.9160058992021191,0.5610840071911574
159,0.10122266620864917,0.09338747297025118,0.7055268649254135,0.6723649545685821
160,0.9336192713083543,0.17057028350362646,0.716767571057209,0.37644938589253285
161,0.6594003994357084,0.34926842981903794,0.6649608523574206,0.30630612995046347
162,0.2644930039265935,0.8831604003878324,0.3568304007885722,0.9515320778830724
163,0.03806985557614606,0.37418602560056813,0.4934152357716568,0.5385070550080506
164,0.9847504328252276,0.3150034576789258,0.7468649883112041,0.5294216003651107
165,0.28513463944567075,0.7230494636178039,0.642643309143047,0.3099740292850621
166,0.6886373283372526,0.058836677805366056,0.08787710636304713,0.577621477522946
167,0.16476180881830405,0.5161336355500987,0.48349422617717885,0.34859505424327886
168,0.4329616711849702,0.7996329949818582,0.03692064476116241,0.3984220343056183
169,0.44687903743031576,0.4946851800407105,0.5235074998115413,0.7042017246539664
170,0.8722573183155726,0.05307534386761403,0.895096196797974,0.5933405169239325
171,0.6282470345727091,0.9428571948575805,0.6088763013019947,0.6987043181928448
172,0.0867262515163858,0.10572813356789679,0.06251814234825137,0.24200649781730343
173,0.32250669197299986,0.6480587250772015,0.8050118039577593,0.03180188002956097
174,0.7309616644009441,0.2951296842930111,0.7609088722328637,0.7612918209621299
175,0.6869213784915102,0.1341440230601827,0.9314387002873639,0.07667552584920323
176,0.7834168029475715,0.732923805023182,0.38032992013960165,0.4667637159596115
177,0.35003569881173047,0.0224257672846635,0.7196633913486601,0.3628945871248769
178,0.1533243034670847,0.5250332209367786,0.7071950607116299,0.8190721563462064
179,0.3274018024446512,0.5242170409491077,0.66691451580577,0.25139651484712944
180,0.691702517503916,0.867190720068923,0.6712975869975277,0.5762206501430526
181,0.45764726515474097,0.7887608378895997,0.8197679592218374,0.9377341771222601
182,0.22686281224613947,0.31306836396597193,0.33595624804266633,0.14225474333468202
183,0.6036695497167193,0.6160923456152989,0.5643151028175499,0.7554766408413816
184,0.19734328270745127,0.9049469930292375,0.6437238726120491,0.8243497735900646
185,0.7239967388485494,0.16788968978783014,0.42546416636973483,0.40239367301382756
186,0.15384440477353234,0.33864372419544464,0.010732448679495965,0.5505560857565662
187,0.9104663679637212,0.5297021296909178,0.6579375508626759,0.42191532756688055
188,0.5003386055343542,0.7461151823821203,0.718852904407403,0.9854761453074286
189,0.4658989694893786,0.864413110498404,0.3393438001861465,0.9036366187063183
190,0.5271232303997104,0.3019096025284539,0.10304796771186875,0.11608655193117323
191,0.9973995480333206,0.4710350030610212,0.3812059989670066,0.04927078588802014
192,0.6896314383733935,0.2176858603140669,0.18411324219648417,0.5602393950064966
193,0.7398826554909849,0.77904132880399,0.06219592697859655,0.5883201566209122
194,0.6114950481970535,0.8192794876548645,0.7151906995364381,0.5436057689121078
195,0.3402355807382266,0.801184659098847,0.45093470775446287,0.7456189508419431
196,0.9327996815180384,0.9686293347488864,0.9330738734404398,0.7175173637673063
197,0.09157322201918672,0.11014738496378229,0.026343419856258765,0.34212654054844427
198,0.32766742921123504,0.684814528708819,0.33546385849766014,0.8302682967817513
199,0.9299894629436654,0.9637001118946332,0.1256166614817691,0.15677807915372266
200,0.710696525975567,0.6764059946765593,0.5931495673168358,0.43194988075017327
201,0.38202432281782517,0.5537411328218533,0.6339111982653238,0.8840191035697874
202,0.16308992417822044,0.36888951099343514,0.043690761393506694,0.2943845515019865
203,0.8057187425040132,0.576800338924667,0.9163154086122008,0.42534469135119957
204,0.39231893616772884,0.7448945846204753,0.04117997669575957,0.9609503844099173
205,0.7295845981099838,0.9179907712108274,0.8365038587455538,0.5685780496595167
206,0.06976612730567366,0.9779466569861321,0.8554559134957214,0.7241186203836374
207,0.5857463616916957,0.5633725369583128,0.5264529644838765,0.784849470491631
208,0.1452701958368684,0.9511421484014164,0.1828334168111393,0.5768116822689352
209,0.6164507778920171,0.2631348137737075,0.9417448614175334,0.3310839089090104
210,0.31244529432915336,0.5128139091379454,0.14215522295610084,0.3527729416851897
211,0.589195280076985,0.2480740925568149,0.9128543063168999,0.16353093556467846
212,0.6909147528748366,0.07880876943437853,0.6102420146728917,0.2870839776050055
213,0.4657966899642285,0.5648239022867729,0.8063545982728139,0.284138916939389
214,0.19333559888068297,0.06307538147425873,0.7580074414920241,0.6319460474650691
215,0.8280362398088947,0.20577899508273834,0.33201231029694234,0.03704039952515936
216,0.8011702302042334,0.23379452639101306,0.40836026071834997,0.7271968985975514
217,0.49318644090711816,0.6407732094938444,0.591275943320623,0.22115976551821115
218,0.5692056599511667,0.9267564031939405,0.3178368040646796,0.3185815115481341
219,0.6539753042061548,0.910479827907021,0.21691767567953457,0.763233056118976
220,0.7499892070409179,0.00872919496972735,0.6122909274094741,0.179096241193486
221,0.028894069743174322,0.031678454745206586,0.14468716210128885,0.4749957011391225
222,0.83584758493472,0.5268228550675258,0.7743488211945816,0.3117116631943948
223,0.8954838546695193,0.11106619210821,0.6631742704810349,0.5358847226965323
224,0.08200273084457188,0.38153337101373097,0.08098601959797536,0.6241026515896549
225,0.43586509058484846,0.9449076786592655,0.49504201920926694,0.3150168981761875
226,0.6085963778673337,0.9655693142349024,0.0544517465685983,0.5195183965127
227,0.02604973485069062,0.37885820915650104,0.9311099004723742,0.6416570341220714
228,0.347935795724852,0.05657322193612835,0.015949664562608157,0.16007485294086987
229,0.6551589163864218,0.9076118757785827,0.06492378955249156,0.9366385423800634
230,0.5742955186072483,0.06969515601374832,0.057186940775690975,0.5131355869927131
231,0.3511356720274992,0.5772519538496319,0.3465142034882026,0.6964138296452205
232,0.8455825991170431,0.0996750445308171,0.5361580017785995,0.3509265316093162
233,0.7858344507491877,0.5017586729856264,0.7803419487535803,0.2075452062213503
234,0.9603532600363164,0.5755963900554997,0.048927094304400454,0.22761141535905272
235,0.06924736035680756,0.9860903789672122,0.20142097895321232,0.2809506593692488
236,0.4787758875386394,0.7853922067965613,0.2653126940681788,0.871263016851366
237,0.22794819822090584,0.4994359902553098,0.5700914337654382,0.5919074734653686
238,0.21327658229368196,0.5030065326909731,0.41198633111154925,0.24682971897567985
239,0.048662553503152184,0.4616105124424068,0.11661807647797673,0.15835297643046398
240,0.3762348130151727,0.4029854762845192,0.4019198928257859,0.19289512211612658
241,0.8497294804153422,0.7711201294519517,0.9852299999220037,0.2502490471274893
242,0.07952400658187819,0.32945966912357516,0.10844165269961081,0.9817330026999384
243,0.8402258366733876,0.47120272153845744,0.36022644867316544,0.7056566474037519
244,0.03714532686994365,0.3028304038031103,0.10758178473070312,0.44951908633295223
245,0.34278608047044856,0.37259532143341234,0.943421060826759,0.9191012786756932
246,0.523295411205985,0.6487854063919881,0.9412984209486427,0.1487708545888966
247,0.5831013222573328,0.6182151076403942,0.9093233979387927,0.5364639496200561
248,0.2755388742447673,0.704631519807967,0.8636663511179924,0.26445310378635056
249,0.4701442934772434,0.2990585154370037,0.32760888790261966,0.614260623611702
250,0.3387752976192999,0.3587140002267313,0.8119423517757948,0.4966614087521266
251,0.12017425172734209,0.5223118684641953,0.10944663332824645,0.01434065028472531
252,0.5348753386923961,0.42623811372690223,0.6497825171866635,0.3315003416128103
253,0.21550258039824577,0.563874493679459,0.36816000264577176,0.39717320692078883
254,0.8995210520475231,0.49618920682925993,0.4453606923537299,0.4564878746934339
255,0.6612453062447268,0.4396940024252852,0.5058172965876953,0.27627369103395094
256,0.7084730141438064,0.5174987716657506,0.031970364253650074,0.4998521079275984
257,0.2980898207648084,0.7955598974095999,0.8685407706922073,0.5214647969673338
258,0.9501276179985291,0.4623306329581156,0.13891572660917761,0.4822830458045716
259,0.49373891649999635,0.1468945104369377,0.3523759605513481,0.44665883538129847
260,0.050641597347065526,0.9929474767240883,0.29051503159204706,0.39710085967538633
261,0.8146746963792446,0.703681505793704,0.3175878863432756,0.19593988594316392
262,0.4618357184656158,0.8081566760952866,0.45655025029745633,0.09802469140176084
263,0.18605200432733726,0.9310361918786411,0.2866505613564857,0.8255932853754859
264,0.48856062017788215,0.6543184550625426,0.4616991415953553,0.07703716666760752
265,0.7557671104617213,0.9917366839827817,0.22186972970835928,0.657700298655476
266,0.4907592877071557,0.12420105282843774,0.40396681024727177,0.13753781276565002
267,0.6575105321352345,0.9558304749433725,0.2524094525650974,0.6161741932567992
268,0.029087444720113154,0.5040045025337269,0.4312998897977611,0.7806743833108285
269,0.5376030635635365,0.8388766105113068,0.7947803061982627,0.9594112472182753
270,0.3307935417849147,0.41103796513328916,0.9190831163354344,0.29042181972324543
271,0.6369132546279976,0.8245815143658682,0.21389403723926004,0.035433362810962876
272,0.03432076376692439,0.8457841428575691,0.3204077799389441,0.3867304641961914
273,0.8377923504604057,0.15369669820652432,0.6268837224421732,0.8486962559060394
274,0.36199784857958905,0.8078563550223662,0.2638830373202188,0.6221783642036318
275,0.6328983547420102,0.9740968764209705,0.16475353891986066,0.3828419459109842
276,0.4685873766970323,0.8728330431968991,0.6953736563613242,0.12432364943521523
277,0.8087923592587611,0.6004180997549479,0.6472348801200924,0.3987874654745839
278,0.43015773330223295,0.4586192946010098,0.41802859329583253,0.06865177976822012
279,0.3235508466262599,0.020345878802547346,0.34438703457849007,0.9262204345671422
280,0.03506293642774427,0.21981534222966226,0.23566848016001674,0.16252659080564857
281,0.18230675327036006,0.675638417607774,0.6257276203566856,0.05503008647555907
282,0.9413632027066542,0.8216378256944353,0.878520003275938,0.8490973474717783
283,0.6744357282718445,0.29464417155529643,0.6186426248007384,0.6086076960936482
284,0.6072912815030131,0.8520392789843226,0.3955212213783016,0.6262498120940183
285,0.4805756612796461,0.9243182612672822,0.09915986805431154,0.8912092162748051
286,0.8789648556261388,0.5162431486831223,0.1720418114062412,0.16065840302267542
287,0.9844651832516782,0.23529670701310013,0.7099837822462712,0.4266027568947982
288,0.6626252760869047,0.29928186988164684,0.45431730522548397,0.42162881310325573
289,0.06451854475359997,0.8650943988430347,0.8898566258129159,0.697748621816729
290,0.3921839075037131,0.7857041844211915,0.1289611934407492,0.8638816615490863
291,0.944170837341278,0.157995861838086,0.5918541689448417,0.8169973161642776
292,0.6004620026338343,0.08899837533453359,0.9906191732555223,0.2810178906442805
293,0.5974432556524913,0.321255799810265,0.7660762936909724,0.8558070260335762
294,0.6814146373184792,0.5516980061575527,0.8785151164570661,0.17467577797491574
295,0.4629052801148835,0.11515795204943491,0.21186882498373516,0.3373617372436233
296,0.12009136847675173,0.5514519417066295,0.008441425724645457,0.28856937505616587
297,0.3359433268742844,0.25316695239096365,0.28812894248260645,0.3294162600650906
298,0.7354717286738587,0.07550521244948882,0.3330694519912908,0.9453436639008138
299,0.6814207771407411,0.4110871994480009,0.551457344425674,0.46658880430733607
300,0.4463977354618355,0.5122716963818205,0.6809247806130831,0.01740539903418481
301,0.01629350816388364,0.5349063110581844,0.7191956499110677,0.729909795363879
302,0.243983585960725,0.2887562352512185,0.6813404097251461,0.9384239112104065
303,0.6207436831744406,0.5536517142762095,0.047628533832841935,0.719897099856228
304,0.767779726111541,0.7358150474480658,0.26345278252133186,0.9299107625831543
305,0.1484718178766199,0.21812724228759817,0.01889456183182925,0.28914091301720224
306,0.720025443675026,0.138093343161929,0.5749307532074053,0.19553763023638904
307,0.24442940303942073,0.18750241792262312,0.5872798788046192,0.44152721213692614
308,0.910259869493979,0.5206597529544439,0.47260881596951076,0.059970459594921866
309,0.46327967492961064,0.37055572309550155,0.5569890695155734,0.1352837807049697
310,0.9361298783544648,0.9273673407526496,0.26060152212414134,0.9076645864234449
311,0.0029662708920560332,0.4592152562748658,0.5309655784356674,0.8169445591956022
312,0.5282079268062732,0.43606529143223915,0.44842026788853473,0.05787204520166844
313,0.2276042594509109,0.1658746024378731,0.8398422447964966,0.6139629407046149
314,0.38874569372569234,0.3328073173746484,0.9062674259371236,0.20844405978260228
315,0.4560024788938323,0.6071712392444537,0.22775930339205663,0.827269515880649
316,0.07178795958636508,0.8564904196204483,0.5133963314746517,0.57321455184603
317,0.42769652376114786,0.2607353963068815,0.48924152287861356,0.9537307020621056
318,0.12269474914260559,0.9071554699780404,0.7093291270501314,0.1975470574810826
319,0.08182689435889434,0.7732247054097179,0.12941776092013668,0.27069461681944107
320,0.39706507205474906,0.34612815143431586,0.9062621598216234,0.06697346207236043
321,0.18656080365851302,0.6382959794620149,0.10030706596363259,0.6417163720210387
322,0.3122249199394749,0.7311183551775966,0.7474024331701166,0.6896622892688452
323,0.11789318943864224,0.7600507060306223,0.16999880817547997,0.695113679131837
324,0.7495604867909545,0.3793375736360013,0.9647972705456889,0.08308243055769593
325,0.5305710959891778,0.1001371647775422,0.13777604573202706,0.10646775018605736
326,0.003958246490680439,0.7397878703113936,0.44323499862432536,0.07168645659673234
327,0.702120563978981,0.7080016611782747,0.5068191176645905,0.9867379719708237
328,0.44655673893758563,0.17571054089103244,0.24035202156339208,0.5633196301631417
329,0.42223550420619593,0.5359587680034668,0.16694711326735223,0.695865778239802
330,0.5237306701924075,0.8998985457096448,0.07363520167518667,0.5417752874228527
331,0.29142439466540215,0.36778152330371683,0.12072324031360415,0.41056477323771257
332,0.07462271134536469,0.5920332164683446,0.621627303845418,0.9156919902405269
333,0.9143381522731279,0.06330122255000115,0.723391533640775,0.3730078791953676
334,0.015824450599869477,0.80215943413881,0.07518104630086397,0.7060831686812273
335,0.5285221008100544,0.39999561227570357,0.23928944391528262,0.18738383017228866
336,0.9357812263016103,0.9468093540372485,0.060474029145827224,0.829899241233132
337,0.9942432645933472,0.16383075651601364,0.34684427016816344,0.868613481160577
338,0.10443976530617005,0.12107261958474802,0.279183391725184,0.9392688519461454
339,0.6568802098180347,0.1300109086676171,0.3894026987422611,0.432467616570665
340,0.0059681278764975865,0.019904638954158727,0.6567590910542236,0.32160410122280036
341,0.5440043517243655,0.1734684749543015,0.34553542277729954,0.33073868933967676
342,0.8777543000998442,0.568228419478191,0.7143910503913196,0.3077422193049588
343,0.18248129487132492,0.8964867077018349,0.9997620725113604,0.2990315191199012
344,0.40631435995065157,0.8058323102729652,0.28960442412727827,0.7749533377920791
345,0.926170776539935,0.987556720644627,0.09706691390403088,0.34811002923883116
346,0.6697151893734341,0.4979858777605838,0.8406420565173692,0.5024181619848767
347,0.3026461810066684,0.9341292630816995,0.9337580001861371,0.12903571031136385
348,0.13998236885561932,0.38614518439250645,0.8611496218487615,0.07988176102674693
349,0.35480240523610285,0.3022276066029794,0.21220546786902972,0.596499032280808
350,0.7399244179765154,0.0453851881024,0.1835631628421449,0.16401520442459938
351,0.6608976466323594,0.4107315484107923,0.6735005657678489,0.37684775346671495
352,0.897882416065661,0.5236097833210356,0.43498035266071555,0.45625710471825387
353,0.8426367057119601,0.1396860882106612,0.3339846645014487,0.7793046435453078
354,0.9220113197484292,0.011580422432481252,0.15678856528758045,0.4065882145606664
355,0.4621061542868051,0.14781704653961947,0.9417756537120525,0.9738505069165719
356,0.08737480745192339,0.396480759693564,0.1344775321937849,0.7508692622947525
357,0.08220941776268831,0.19900866972180187,0.5739453490541973,0.020844203700212005
358,0.1897965018125436,0.11209134474142823,0.3073742715197558,0.8995092922266442
359,0.17491465889277813,0.24006072022591207,0.6039859541843865,0.8509453445986362
360,0.7776271574011959,0.3428324923506485,0.44931663374914343,0.2697878782550013
361,0.8722929212939405,0.2862279302317057,0.3225752278355709,0.32719376833588554
362,0.38151674547517533,0.3230185921331671,0.2845851020936728,0.6529674231105851
363,0.7887294772771168,0.9290594346232005,0.13881290042721128,0.8338255805843643
364,0.8773058254209547,0.12339584390729552,0.8893846803159393,0.79163351372097
365,0.2451161517168008,0.4209017820587889,0.9851864617274394,0.6162499782847509
366,0.32436403061171937,0.2998310632455595,0.3414754549494122,0.512569960776787
367,0.09249344491554257,0.27455014506761855,0.7331008613939309,0.4003046198861697
368,0.9459380102027538,0.3508530082329476,0.3180265075005848,0.9870666984189992
369,0.08576041164650916,0.26716188506007665,0.08910729381763749,0.3419427562680347
370,0.044916392228026014,0.9670568496455787,0.2779321691627725,0.8375117690010968
371,0.2717115794930214,0.35081723916856733,0.8105809239782836,0.9589065379406434
372,0.7779217976046794,0.5442024072647524,0.9357849614824546,0.2171319228516777
373,0.3533884684811758,0.8800667070139538,0.05598346678645727,0.6261089225821241
374,0.8761499500029892,0.016804907686337578,0.21390454019629457,0.632400340783584
375,0.4722924240914361,0.19776693784868005,0.14107340950605363,0.44336857409115316
376,0.1970395493648096,0.29476587614734506,0.23310685988263768,0.47893356768778317
377,0.8500478900345507,0.908660924525845,0.6955872358016518,0.23359989614415433
378,0.7236136507631084,0.3275038598998854,0.0574798121538731,0.25311558756684593
379,0.6327268846585021,0.771938000385357,0.6466027415787133,0.21135967743240125
380,0.3371089794555112,0.8158671135349173,0.12169729818196928,0.9257662283244169
381,0.12393608051375637,0.562682666392017,0.07103812668235099,0.9284504585238893
382,0.022071754830280454,0.15905235851503163,0.4588529863032603,0.30075024998669175
383,0.05660601455481906,0.622897110302348,0.7482988561126154,0.3823068905285
384,0.7443110838176012,0.7704497841934655,0.11194683497784952,0.6550202309552781
385,0.6399034651583615,0.4968082474512865,0.045381786593951756,0.237123815411735
386,0.6895405907800075,0.6608939469987214,0.21796524765398306,0.8463705516625936
387,0.06532780309252306,0.16709674514246375,0.28760476389035894,0.4605651109154678
388,0.08396412420799915,0.5508566620282858,0.3981718409096816,0.13020931372820677
389,0.381921340476164,0.37111041082281104,0.5462552394465291,0.5343694713537508
390,0.13270589308775682,0.8748467740289616,0.7408559545701683,0.45765761860459586
391,0.9885030489834273,0.7909492420142696,0.8451882072504314,0.8643912493499025
392,0.7588072194122856,0.07421021436329489,0.6403050060503654,0.7173024788142582
393,0.8763288677519319,0.4167561446735718,0.10716479617822217,0.4070562066649924
394,0.7715529647775631,0.6271330310616836,0.7021367710473513,0.7372917066782787
395,0.5784560326048991,0.6748740818989392,0.14557078559345737,0.22601479141386804
396,0.6186729829539155,0.950658008120232,0.9336652682278811,0.3670021144274265
397,0.7457508866538788,0.1567260603254631,0.893022135592893,0.08239795626628954
398,0.9052356886761984,0.04140448277770026,0.6888019835712935,0.44335166568215456
399,0.15749573250841242,0.2072342920842548,0.43255349664212506,0.9285695997970678
400,0.8854475536232437,0.6977946074938127,0.13626303921529426,0.676386724466684
401,0.19761143698764838,0.6834974011494792,0.6938028969911602,0.4459589308837806
402,0.33632351810983985,0.7355757665976975,0.46614086310400593,0.26916900155223533
403,0.2982184552595586,0.519127547789741,0.6473320061411898,0.18958422368771688
404,0.7488428908816678,0.5957761951908943,0.3636661293483844,0.676083730086238
405,0.38272777830727744,0.30934361533885324,0.10214436378408853,0.06193486733641007
406,0.6349232029337447,0.09675676936338107,0.02418317254862201,0.5067877909616088
407,0.8999894614871156,0.6933925963357249,0.3568498297075179,0.34341982007824057
408,0.40401249346714574,0.5835008881699981,0.7147101888785041,0.9931529481671267
409,0.5734571362024922,0.9380153996604139,0.6415746027502086,0.3006052556827178
410,0.4141334412067412,0.09364390435973857,0.9633538793947508,0.9963562883181473
411,0.42132199710753127,0.5281064631339681,0.9065083656034386,0.9515142060796101
412,0.5150813787980284,0.5601195135199375,0.6751674019490228,0.010639424265845188
413,0.8579991155135109,0.45274655590387525,0.16282637782016096,0.6754225577980824
414,0.936024953974703,0.023854070749509626,0.6074084468170983,0.16451506294148277
415,0.5638553758721617,0.7958584252307479,0.6409604571431784,0.7432046978531076
416,0.19764212546808502,0.27062580082106324,0.3281058799130001,0.8595150731252249
417,0.025236068786310906,0.9760530680611086,0.24054788814151762,0.039547373757509385
418,0.8134505204805216,0.2353138051681679,0.9735917845546239,0.08327650464291858
419,0.4369788863214503,0.22145312688066388,0.6388375691800885,0.687262958299746
420,0.45291082912613134,0.17011777124960925,0.8308323423271566,0.08541671376065063
421,0.47905878388588563,0.44031664628047307,0.42849025725179934,0.45051854956099413
422,0.2674943864712962,0.44363191747798514,0.426656133982501,0.13311329663873162
423,0.21552238844684368,0.6372929921076183,0.5605962902324207,0.35525755316656993
424,0.39023093859230895,0.6658379043368968,0.5243787604941501,0.21508451700217412
425,0.11518291328705632,0.905341020749672,0.9447150764574075,0.7354762287993486
426,0.6425503463502141,0.930332224840375,0.023023043092724405,0.7050419160063323
427,0.7262177298108349,0.8747118807120045,0.611631800370224,0.5492749683428206
428,0.8106047324060036,0.12583195730097507,0.2793493303546414,0.128936176315668
429,0.19907447970454917,0.5452271630450168,0.21512840906009945,0.7381394529231552
430,0.7910061595262803,0.26918793125455565,0.6294010050935311,0.33286765284572606
431,0.8235053590129674,0.8256157238856223,0.2703609699569005,0.10590336848769277
432,0.7652409799897492,0.2672219541292171,0.5875108974442077,0.11572511020087606
433,0.1323814784417554,0.22844222301638306,0.27765687387895877,0.5238387604607339
434,0.8923990408037765,0.33451122873283745,0.9539647376527556,0.7701629702353565
435,0.05626394579947569,0.6654196381109861,0.7776946631494024,0.8013573594152918
436,0.7579736518125727,0.46324219284680945,0.5895321755837503,0.13719016508109427
437,0.13744934797054453,0.3044727968873898,0.4101179804860908,0.981600667738589
438,0.7734764928367128,0.9815069163881344,0.3012741150502566,0.3452607439982659
439,0.027394868719814003,0.3412587284748496,0.6398498328900891,0.018625355876985883
440,0.46650828010833956,0.738840708572444,0.4489238069036511,0.2937487882243348
441,0.4207350086366761,0.6928145166607973,0.03779257528469726,0.851941121578883
442,0.5348479107277224,0.9646676975023448,0.7054473416184546,0.6212137825079502
443,0.4239069867480023,0.5141397505505845,0.21201299186403877,0.7944048644089489
444,0.6105853893145878,0.19444259612523984,0.9098739893669645,0.9874248465067966
445,0.7161455629533828,0.9554986590078859,0.5729356862215869,0.12311960602082528
446,0.31527148689645856,0.5558855605930695,0.3783930682380182,0.2934153978683457
447,0.1981403930298502,0.9554605391010059,0.5458414816284741,0.2902071019821234
448,0.19831686520704206,0.8866311977307948,0.8634647269352009,0.46485597090586495
449,0.8914029730471625,0.26586670258456135,0.8916573085716967,0.4576061898547833
450,0.4085977565818184,0.47046953470101216,0.6174167649319403,0.4757223920583692
451,0.9144888642674641,0.7952530450419901,0.6776756583746997,0.6833135231145516
452,0.0568668540935825,0.567581256235777,0.925759994101371,0.9412161548855786
453,0.23988030303476882,0.5383229037456883,0.8591857338151511,0.25788151462209685
454,0.6436432925365649,0.16083794465993861,0.3244286205557889,0.9231109059071517
455,0.9976808847877007,0.08033653783275485,0.5836182107893904,0.10801127255555709
456,0.6667652810475353,0.3245970344246759,0.3465342354973828,0.13256443972297038
457,0.5593775494297134,0.02526027963776256,0.31517883805628255,0.1834604355670345
458,0.2869178887367758,0.9794047531057144,0.1797473295656662,0.13357235718378846
459,0.5251922597808754,0.9050430864661454,0.9220488154054615,0.23922484851279024
460,0.08975445867304355,0.38962224551887303,0.02334499507872445,0.03777871591922821
461,0.8310893228984855,0.924675475751171,0.415881486032985,0.6644054198213497
462,0.598836390403456,0.5731045345917747,0.7059590997952209,0.6245725693793696
463,0.5133159345487052,0.45603455501309553,0.9034796565208834,0.8227429517270904
464,0.5879228199571725,0.41757126308716874,0.15997842629764336,0.3816761959035557
465,0.876207747604174,0.5774084923295634,0.43717224919218056,0.9574941180082344
466,0.26317606197603394,0.8721552087576584,0.6302712814101791,0.5795414764539063
467,0.3242230919474032,0.8013321152401457,0.8710362179463493,0.6069308144789223
468,0.14906273429195782,0.3246633445109983,0.9980637280628385,0.9443555478228464
469,0.9115615498703837,0.9857507974986752,0.9138070403265299,0.4571471326151715
470,0.4988524994964104,0.8380093123984134,0.10204218495997674,0.6231039143339495
471,0.021259043159506663,0.493311453542741,0.18821416695023208,0.1192098354851816
472,0.7505426932952757,0.01757768674622695,0.8938238523712473,0.6717370115197221
473,0.6214625643728183,0.36499871891567737,0.5148366881055954,0.8919887388079942
474,0.3187473036443672,0.9840177751858642,0.0008814261717164928,0.895445605005619
475,0.8582673485994786,0.7616570869136081,0.5291120380364265,0.5504251522749948
476,0.3980522489001457,0.4481218854363146,0.45470078503807265,0.7100374611232465
477,5.860718672789922e-05,0.09934995584399364,0.3105190549204989,0.7040258691830296
478,0.2908624998773164,0.6428238025259987,0.9309571980776336,0.4061092052552251
479,0.611894085843827,0.17637749319121443,0.771612198069983,0.7786649310755748
480,0.401642495338114,0.6310734628175743,0.5806534783679758,0.6605290124313847
481,0.2564600973680319,0.06713606550211582,0.3159906287754085,0.5309267405440512
482,0.09217802681853837,0.9705298806109607,0.08288701198453219,0.2885628234225994
483,0.7007703154607522,0.37961457353514816,0.1373850030320073,0.9990050365573321
484,0.860821246083291,0.2517424727086325,0.5646476315567297,0.9275037275552149
485,0.1642859176107373,0.2102871125432637,0.8530710880904846,0.9830919092514384
486,0.6798535936843294,0.9245435153930867,0.015646087825978205,0.20188442676068896
487,0.38093390959491014,0.43630129261909445,0.6215783188237135,0.7156476415580941
488,0.31834348756582764,0.15878458677658458,0.1823199618283261,0.5223824542924862
489,0.531733958777129,0.23117755424310538,0.9922044365828095,0.8078986550972925
490,0.32424084348053506,0.37832370368759316,0.31321014407729786,0.6418737464401453
491,0.6661403682689417,0.43864014627632664,0.8731416426761444,0.2573640129850674
492,0.3836256588358856,0.5601292164050781,0.9357542279906487,0.642001414620118
493,0.16734577425029373,0.5971523075339153,0.6217742050301608,0.8612359612469555
494,0.967478480669632,0.39171272185645856,0.6343208712892995,0.8643238026730754
495,0.9557918597432609,0.04820828598283533,0.3755877862158499,0.49411131409301645
496,0.25484672405772113,0.13305808242941475,0.3238616818694068,0.34096076406876163
497,0.06184940987170584,0.3125450294502533,0.5001935806817644,0.10424318800195309
498,0.7111856529418232,0.6757574206059764,0.7101151131201641,0.9271635627849932
499,0.7529779751467524,0.9663845827289044,0.8264971793416334,0.8120052514761255
500,0.8024623780239012,0.8529311283927589,0.8021817625713248,0.8281624366099517
501,0.5829792198402122,0.469862296970911,0.053726873048308366,0.6319936894694443
502,0.8345948392542805,0.2028359056043284,0.7152321457815218,0.15455070563179896
503,0.803596851177866,0.06002783425593028,0.007210221953613538,0.38645457560664875
504,0.205302648426693,0.9246039046151,0.1793529356874194,0.8824210060016132
505,0.09864854234477816,0.5588849045181625,0.41046698227114076,0.35540255827282774
506,0.5904041911842223,0.06873312817425647,0.610407750055414,0.7767951564988069
507,0.18088288205665082,0.1373570912797497,0.5671328334341583,0.8644040419994449
508,0.7993046299632077,0.9990547278500851,0.23875220944488718,0.7063279604680339
509,0.1822318366244171,0.8060889850357601,0.9007938759072598,0.4285582227841046
510,0.5066062765898918,0.6734403441522143,0.3716061875373601,0.29360222340198394
511,0.22394045848033317,0.19518821681197407,0.35321556060172854,0.032721239572017335
512,0.5361277934211727,0.4323341846620926,0.6080091095595663,0.39356892487097284
513,0.23476980411754766,0.601052362166686,0.5099152154171352,0.6750024097742547
514,0.3081725107049398,0.10741853996348638,0.49856324211338854,0.27099134960987037
515,0.05345256040251789,0.06620104347781286,0.509610373015067,0.4554582574567071
516,0.7083639781202208,0.01487088340392817,0.5525072054090903,0.33911578570109346
517,0.7446667022689549,0.3120258994457604,0.1714955992166748,0.18509234798897012
518,0.9542322533355521,0.1707576557026269,0.6278730391011721,0.14187909056740045
519,0.6456757013100703,0.14510105332548684,0.7805607343137593,0.26507952099585697
520,0.618353688897632,0.8930185740807899,0.7645497331182407,0.4442868785714429
521,0.26817182848515797,0.2699374821089554,0.8421990833485052,0.27593843734012324
522,0.6872364276637062,0.917114396855882,0.11479954576991658,0.42536490172833996
523,0.24924975359823542,0.3064232019995281,0.9358269790697492,0.4258100165884716
524,0.5310971563530874,0.07686403979794976,0.42400682717014126,0.8970346540756936
525,0.8987349143039037,0.6941976676735859,0.46116030829105004,0.09854589323630747
526,0.41130584788859326,0.9181969594171737,0.15814268118744956,0.9910831299033732
527,0.30661213487932204,0.19310225106913437,0.4290302670116015,0.7256581566484122
528,0.9791712255409141,0.15644769340791864,0.5078548431062321,0.8409832390701315
529,0.4925879868325753,0.16026605189616205,0.800325055769766,0.26116365960825105
530,0.11012383799159287,0.23694102497775404,0.043220955887347645,0.036506373731166164
531,0.5350256620406798,0.8126713705685559,0.7608081959900548,0.2728099278090439
532,0.9583222797872522,0.7730875755752592,0.5670038730886005,0.14083724281542487
533,0.9655366370134292,0.9855647963417726,0.33721826885490347,0.9388207994912248
534,0.7983633404170171,0.223587120439788,0.3087719124913182,0.37269539758141734
535,0.043175221582411716,0.4185404392525385,0.8409738322132589,0.9676202305015141
536,0.6079712954365538,0.29960949680163906,0.5598838173185606,0.5804701724443401
537,0.8873742223743778,0.0791806760063779,0.6064919943748601,0.33944035299501896
538,0.6472250727810985,0.9550473196117867,0.6765854525936953,0.40281410881306656
539,0.136953184988567,0.9738773370962842,0.95645193196977,0.8402858004274535
540,0.15352207302534238,0.9440305548562367,0.13810659179955997,0.019340635163769604
541,0.025078798083090104,0.80362526220458,0.810122482347432,0.15813572937457243
542,0.18549293032053238,0.8454846121660102,0.3138638912992673,0.8176295027559147
543,0.351023463021523,0.4619963222813207,0.07468181541086272,0.08176047831291522
544,0.8480789025245888,0.1601844820015006,0.8428860248137107,0.4453288349611919
545,0.7436545634770212,0.5207700835256993,0.8579369597080677,0.5420826533519039
546,0.944671529826443,0.7480147605761263,0.17979510343433402,0.4045909223138876
547,0.8787359191160844,0.7201450944594842,0.1564383894222825,0.463211249082885
548,0.6915360847564949,0.052728584940189394,0.4116674496817134,0.6170141806620527
549,0.21912985304908927,0.12174549877555296,0.8286835856650803,0.1756468889877021
550,0.5647928491464099,0.9252602525901413,0.9321702682435113,0.8242502257326809
551,0.8239950205881386,0.35372812415298194,0.7726560186709646,0.5084766473830659
552,0.12622672530673207,0.7901125035271651,0.9182602869116295,0.38917172985678194
553,0.013379829058905446,0.527628458935854,0.5074730909845462,0.35701658740239695
554,0.2966879402346312,0.24710641139654033,0.6466690916138723,0.7680774436234215
555,0.45392357208352685,0.01886020886538531,0.6767790673756964,0.901307390690905
556,0.36920470393468663,0.08113315003053434,0.10409611195146351,0.8429733867695456
557,0.49818763301366353,0.01399115502552295,0.18616944286242698,0.14842678979260193
558,0.3645953932832615,0.5026661367715259,0.8994411766061261,0.09134102072902006
559,0.7492885304000572,0.12330971668886015,0.8765980635388444,0.9777071980830285
560,0.9304499495192576,0.3182733003140237,0.13894415310386043,0.4785636800998906
561,0.9135057475399135,0.84872313446487,0.8863105292261468,0.7947941492298589
562,0.8779997307962194,0.5235334510178304,0.2740495777100046,0.28191202727099796
563,0.9043592880352829,0.7045288456517265,0.7727401186024551,0.6863021829527812
564,0.2730159648493842,0.5446032965502945,0.9960798794890439,0.7416639525032294
565,0.8542781518811113,0.8726116847418445,0.7383944565324819,0.715926655584872
566,0.715352078418504,0.31592574095541937,0.4922593986780597,0.8484660890775604
567,0.860392808899787,0.2697627164725085,0.013417272366464394,0.3046287313851964
568,0.3222077780021675,0.6445977739389883,0.8147636598070521,0.9493268149416179
569,0.19249963631968492,0.5020731029267856,0.5110283028050864,0.3773656332759354
570,0.5574054244847735,0.0845175462602803,0.20363208684571288,0.9790111591361411
571,0.897036997587873,0.5811463251698684,0.6999239050562271,0.7385826856560571
572,0.05685749182572497,0.10604909161807019,0.8004426045781571,0.49628550654513537
573,0.13912516275148257,0.42402677720532056,0.7645357577143491,0.40603805649085734
574,0.187528425432811,0.29634089617742054,0.1129535397232273,0.42791023130802575
575,0.6459485888663639,0.4009905824840485,0.5259987034322217,0.3039257710086396
576,0.3348570559898463,0.701993029319756,0.20643536284397046,0.7559028294201126
577,0.17116252531372922,0.054032359970946575,0.9838065060852973,0.0600475212762821
578,0.6732179765642073,0.5034723763868865,0.4913828785515012,0.7372201327077843
579,0.25603512689361496,0.6507368238052226,0.2566552619128031,0.2474517967268488
580,0.15601756550373325,0.09987066548530399,0.48677143828366576,0.15522584739828427
581,0.5342365646565747,0.2149965225906073,0.4313346741649199,0.20132236689800043
582,0.9808348677927632,0.11028641072129908,0.21763838864102014,0.38641003560381293
583,0.26169209427140605,0.6873410248920323,0.32974576739494776,0.907141634849552
584,0.8398155229614546,0.1929340385445688,0.6406990129771978,0.6775971136874159
585,0.33671471288057775,0.4752089918076492,0.21871475917611538,0.47988383581017025
586,0.5228104412756166,0.34039276346953495,0.77779027904182,0.1643541591106158
587,0.7064005167801259,0.2825557066730091,0.27991698782293484,0.8041613073549159
588,0.45226199503233677,0.4719541960638206,0.4223677876442453,0.27933216643958225
589,0.47853697322558375,0.5012135287814897,0.4988807013324237,0.6450115076709875
590,0.7984783617225059,0.862758836933329,0.72188256668251,0.8797874965238344
591,0.9528856894174436,0.37062211611006046,0.43705040516947047,0.12182068435275129
592,0.2608364021682831,0.1904387284075173,0.21018597362782532,0.7715969603133939
593,0.8636125382417578,0.9235132248737193,0.7957835396289374,0.23269550625161428
594,0.21372091961476147,0.5577555422260478,0.5539799896241394,0.7291083148573018
595,0.4618942238581355,0.7615737606100991,0.5135956089175459,0.4446962500019679
596,0.9238995773237736,0.18013427653439995,0.25869923867630285,0.5967458102996263
597,0.004753847175882231,0.021378314897491424,0.8279128673533508,0.8754932836541477
598,0.5344150971803371,0.12944899332650406,0.7717135449457475,0.4766751638004726
599,0.9605685908053508,0.4537036506273905,0.3526508995604035,0.08322843568562877
600,0.27377441297292104,0.9773371022944777,0.20642081609785212,0.9393069405266261
601,0.16248144447944435,0.6107606265631329,0.4290221463032525,0.9407402739369289
602,0.5277940931825224,0.6121918012721914,0.07944941429369123,0.11215005772817599
603,0.350594210096021,0.7812977893222249,0.7305242007746503,0.12549243569266744
604,0.6376943039548967,0.9351714358707887,0.4076523082446665,0.2925880495267317
605,0.677227334621147,0.40747728446400056,0.7645464052950723,0.924342664955543
606,0.7096631196358443,0.5584606756765085,0.41616835391378215,0.24979138451206906
607,0.9385717888400267,0.8395521292834244,0.3793489997041053,0.1390845420950556
608,0.35062329601154796,0.6916527258506594,0.13377520227758188,0.8691244377952494
609,0.3657970273168518,0.04827297559107313,0.8390508376796159,0.520798827670489
610,0.2899130469504164,0.6403146493861939,0.39697800265080196,0.9913181026706489
611,0.2654866848942976,0.6869296681810828,0.43154738930529457,0.8054650522017984
612,0.11046409673084912,0.3285332069260888,0.6111861781132113,0.13113784774955428
613,0.21485379127305293,0.87464562192576,0.0591071497572806,0.5542231138075552
614,0.9509177015218941,0.2928410298074289,0.052213862065625505,0.8848233083491106
615,0.826509012198621,0.6758768458120782,0.03719898130635868,0.6063695432445346
616,0.7926568887926736,0.25353442517137004,0.8791531470232504,0.9906383950903415
617,0.40547071487283526,0.22654496821237669,0.43353217246616615,0.6786234253678883
618,0.6178902473930432,0.3477585636172038,0.16890533704549127,0.8310923662696931
619,0.5475042022247266,0.12883764883830107,0.9752125699158698,0.9304658672641883
620,0.35234834900848333,0.4710338027917319,0.8034644938757479,0.6532809993295822
621,0.2900911849236094,0.2572916747977301,0.16559358426005488,0.23290512939165464
622,0.3368780797986516,0.07972108187421956,0.06247313049104164,0.1120984448296759
623,0.056535510377923925,0.8605581992988955,0.35132307056949985,0.6315313130965132
624,0.9561593957254573,0.5139760534924611,0.1521023595264278,0.5545352049140888
625,0.9941942131860881,0.7174800572260371,0.08246014149499203,0.07900254076974911
626,0.38398066535115083,0.7858356970468273,0.8269273962043531,0.7135210122804115
627,0.7582808075513368,0.30687714568688906,0.5391359598796313,0.8375757373937508
628,0.4256676832385775,0.8383258545208763,0.34482701323849085,0.08053806758841864
629,0.48879198962688164,0.738350728064729,0.6261619632986416,0.47668337756167145
630,0.14132932972223622,0.46618347780163105,0.1494363294515565,0.4409753531069116
631,0.46300599681897436,0.5342654312765931,0.7084596342920788,0.3223799434954179
632,0.4878019246043169,0.840100925000669,0.9319288299246608,0.18069580456812873
633,0.6948193593340289,0.6272561065578616,0.01991979241199504,0.7607626389243771
634,0.628352776834891,0.3349114062993489,0.8604524830683146,0.2439146128249846
635,0.8142211636899463,0.5007357200712447,0.7874496906472377,0.42308995127163973
636,0.7351370765313131,0.15602270097931192,0.8352990049046057,0.09887438835919016
637,0.8233732555275625,0.8184557694673744,0.628805722057558,0.9947740173074588
638,0.095884364973301,0.5323079035489047,0.15994270127918642,0.9403196843604623
639,0.6507509869732823,0.516314783402195,0.7853741096105145,0.51455382338305
640,0.5535477369835339,0.26563720540478764,0.861520246056047,0.6062627417355181
641,0.03335001457362774,0.8518469460488253,0.04554775626244101,0.4760336223963041
642,0.9474071574134635,0.3791643526774541,0.4480670960691775,0.5143783556638446
643,0.9226052656936005,0.8393006148475392,0.36539652156837965,0.6689500398773698
644,0.3615688209386567,0.4835181350343577,0.6945027005744981,0.3419283256117098
645,0.3624710806252799,0.33460386998416136,0.6776498120773048,0.04493672844402474
646,0.7999794075777946,0.9809262226269364,0.7210324133979319,0.4621046732752212
647,0.8668814891076753,0.1288067395224175,0.5170688927777312,0.8399863773896019
648,0.04362388675081452,0.3755297854744607,0.5537049085353448,0.13267441831464621
649,0.07424544374323838,0.14717125062606407,0.6450850556138022,0.32552328799021446
650,0.10933876391431296,0.9670879381150331,0.27072020105583794,0.23368539790729392
651,0.8978657337869125,0.16671711719583393,0.08858708854063224,0.9884261763694958
652,0.47988664582497687,0.26114324328731775,0.18164205056080585,0.7693128622536622
653,0.003116206510483832,0.04653872868077369,0.9457191106940166,0.008359327847829112
654,0.7498915019758198,0.01758841438136871,0.9810358575419329,0.2688612960655763
655,0.6662420622807612,0.7169777079957205,0.41473131464619495,0.5875294976412885
656,0.17234057813172254,0.060129525792552485,0.17119813577376264,0.6847516826976158
657,0.46221221251492783,0.06568359572732063,0.9082018830176162,0.25051427643929414
658,0.860025379463865,0.35161201318277424,0.9390792551030734,0.25097343349730905
659,0.0011101442827474717,0.20985680707371712,0.4902908057912737,0.21396516120949116
660,0.18149502331810696,0.8311766935598381,0.3595405005351,0.8348457681679747
661,0.12637851923697552,0.12171152322328849,0.16865352078770568,0.5928785576354318
662,0.8025979898219158,0.36727676539906784,0.5057941047636487,0.12170438504314218
663,0.3463411826264734,0.8827300309691724,0.6806614596972458,0.017303515864233954
664,0.9922243505561853,0.7783631903126584,0.7579774224828906,0.36259148264810037
665,0.04059446657854082,0.10239809197652106,0.044513506900598854,0.34173496134898595
666,0.9347162481176596,0.09500895571315704,0.09218326776956776,0.01743186551487874
667,0.801870345306897,0.6863157169451874,0.9864855072501486,0.33198348186158066
668,0.22222330113401956,0.06547801630909178,0.3998447098226522,0.4104242683987399
669,0.5886622237217801,0.6761783786034805,0.09656634282552012,0.8218765429865014
670,0.5405919329422514,0.25842006714411603,0.8427531728646186,0.35439944479331975
671,0.16784758310663261,0.44016356061387485,0.31010084667385274,0.4537915190487527
672,0.30085028037480765,0.36000616772628113,0.39814202013790256,0.8429613926501183
673,0.14603488123375408,0.9454329000594129,0.2214060469049267,0.48098771187340583
674,0.780076618866885,0.09117879072105717,0.4835506721060082,0.8665862121995987
675,0.007888340568718788,0.8011586354402567,0.6585235338439941,0.04309223926321293
676,0.9655011391378391,0.34394158171231515,0.9757261989524393,0.8366069290311631
677,0.8965871007043915,0.2059278626186286,0.9027406416364713,0.5713991076702086
678,0.8126637865975099,0.42892071965970446,0.8153364611402603,0.7479628079823035
679,0.49658175923536996,0.6666424671255419,0.29543784255306516,0.01569286800922709
680,0.1971538018305381,0.46216479064386373,0.1331090514514096,0.05523974435716106
681,0.7992410930705209,0.09196106386967218,0.43445790752188873,0.5236756320609917
682,0.48507730530907667,0.17847182329637434,0.8819856087124992,0.8873312296048772
683,0.5379222217303649,0.6523609202526464,0.32506343018946593,0.3734924632998555
684,0.025622954613341298,0.30442187374538476,0.53885225447916,0.10998681788783005
685,0.13481111932087708,0.8663050678812727,0.2873057466420853,0.4917397041343736
686,0.369020814438641,0.4650533531029466,0.7409030829580682,0.8247650874683258
687,0.587321601362575,0.3410521827620615,0.9560817708190621,0.7605669872611971
688,0.35608570604031564,0.5397190148680125,0.052419592736837606,0.1864625552316096
689,0.68004565163587,0.7455257983329505,0.9005474299814161,0.9152197741583331
690,0.24166855310887547,0.06771198211448048,0.10728578602453931,0.6425713048735493
691,0.3238463835655486,0.522724494548708,0.2558382007445196,0.711193371166139
692,0.8741324931992559,0.5614199974013787,0.5800063553737714,0.6962555627532022
693,0.04164901926527298,0.029075678373598146,0.7762845893009006,0.39089683148615706
694,0.9490914536818735,0.33795007071721417,0.7259364830543982,0.9130146199634319
695,0.48726268432909026,0.42726948217048166,0.7896487950580815,0.17606968089776176
696,0.5785766510586394,0.09006968706299778,0.0087280672883433,0.3224612943690547
697,0.024029229295835064,0.4036063390288105,0.9820818397734905,0.13874777907464886
698,0.6810817710338593,0.9578322324845449,0.8306687899394126,0.6809754342439098
699,0.19649827065315006,0.9165936709896956,0.006853768174427066,0.2457315282954038
700,0.9324160195926372,0.01935782812771114,0.3804118173683816,0.9250755306045045
701,0.7442241527432033,0.07035274146687887,0.2120204721459824,0.9548140523201947
702,0.5499513569779186,0.834277912828768,0.3427761959410427,0.10181651738421427
703,0.3840532090664537,0.6278121224456864,0.4303466532954803,0.8765157568865721
704,0.006119528334001423,0.3184055277990271,0.5560940665152752,0.9798614563385105
705,0.514319730942171,0.379528599655942,0.27540454455994445,0.275897857258517
706,0.33032598699733917,0.9938492104576815,0.3078605523519614,0.9710404107630647
707,0.13317246573465857,0.7560266940307572,0.04567592876475324,0.952327745751687
708,0.968561270042749,0.7980513491501313,0.6761401362669306,0.17172816103965505
709,0.7429163160065732,0.507122740667275,0.4093260742521203,0.7875706025628938
710,0.6614275919973155,0.5575898567738671,0.41384329863172176,0.5780056000387539
711,0.8268370779944266,0.6204173718728543,0.8593356907083388,0.8697522662591521
712,0.22838520130535156,0.47042916299818516,0.4350224602085683,0.11482300527681044
713,0.32561680141857763,0.30534751227757384,0.9458036735623999,0.5954244279729212
714,0.568323499917429,0.13614522069543733,0.9449697105061079,0.9232419429522816
715,0.5582332550756498,0.105548138458474,0.163922365665653,0.4107118412240429
716,0.9063891798210543,0.14135165152741913,0.33082424362529295,0.9408031469290932
717,0.32920436671806785,0.998466385747971,0.14289388865743757,0.4948944610508629
718,0.25375586855875476,0.16456195661071893,0.9621187108013214,0.28377132388729553
719,0.8528402045770664,0.09740904230318614,0.5985016295178386,0.5996620087095171
720,0.7146950947841018,0.4036019313443123,0.8284617072395142,0.6721001743858998
721,0.713612430534787,0.40820977312301976,0.580457105584733,0.5005309890784658
722,0.5088539885466499,0.8869054085245505,0.1667174038403355,0.5872990652480304
723,0.9473187550569006,0.5376808872489369,0.9742674898713336,0.0658406866429172
724,0.32253271509493153,0.8453530450647463,0.919813948352743,0.4324194992442385
725,0.10057904746630641,0.9962946146587461,0.054924921738854104,0.8142318899106773
726,0.15914320148243555,0.36545650613209546,0.449702700867905,0.2376901454002628
727,0.26713314161941126,0.3567323889597319,0.38808589415915506,0.7568989064655948
728,0.07778306746692987,0.9776193295009565,0.2881669424989417,0.738103564446993
729,0.4551167296983598,0.22012049997160477,0.4258764161371805,0.2079832208337964
730,0.7879272562311533,0.5165643723549259,0.7904947884848647,0.6658118563547444
731,0.016704438237373997,0.8939546752861209,0.09469819149665526,0.6086617910951254
732,0.34429452473528177,0.5911912161286983,0.18716790176932585,0.5302672519379094
733,0.6162244936251563,0.3823961088883989,0.26177142562609934,0.6301939072653185
734,0.33086419198787387,0.760815715226868,0.5582449935534075,0.8365604256101273
735,0.4813122457896998,0.2447099459168538,0.9742198350211156,0.9785917473548295
736,0.8454248247034853,0.2909406160811475,0.4436354901574242,0.5949706233025959
737,0.08858006300028476,0.5846272204566634,0.4861076338201008,0.6568752090108435
738,0.8558787078766981,0.2118789005203735,0.19725190920425983,0.46757576942493584
739,0.4694361178378934,0.16650207290060204,0.078470080315027,0.7465529363145135
740,0.09444113713904612,0.13352174514186,0.8737427729354745,0.5866497032143729
741,0.754126829660017,0.35267085130352716,0.7173238462383005,0.35448853174825035
742,0.41312782913487334,0.25048148329609465,0.21165313483411463,0.6569516422811641
743,0.5001897142338001,0.038616676758563284,0.9857809836531556,0.19450047462652287
744,0.04747070400722553,0.9056982240312099,0.22908270020102484,0.09910158312819373
745,0.6671142210589862,0.8833126567567585,0.5028021696632169,0.09861929273067882
746,0.49102444792392685,0.78820131141777,0.8213640676620181,0.8871279642944304
747,0.9074131068879943,0.7286040959129152,0.3376619129792725,0.6323302959210838
748,0.40534686157489197,0.3921986156847971,0.6812107861998968,0.20394823402836892
749,0.10617942031856364,0.10942424870024325,0.8962168335411843,0.05461666620883776
750,0.04019186271733566,0.025819621353393107,0.2530777167996672,0.5791283579386715
751,0.3554187460024051,0.12002347930058144,0.5568643100902695,0.2497069152421021
752,0.9979315577819582,0.13274468465492373,0.8440447449225954,0.7756379941045508
753,0.9950406071448415,0.19311929728227173,0.5930349033019764,0.8790998171948758
754,0.3495156092105749,0.2782105605165991,0.6811649481565418,0.3496793096700255
755,0.054117615857890544,0.14916232164232646,0.991641665766727,0.4691389169676554
756,0.2168527354718781,0.4957928670172379,0.2204598417151331,0.9676718266370385
757,0.5232182581153246,0.4982474023794834,0.9055289818250634,0.6784603616195111
758,0.22301214082392073,0.8520035519915664,0.8509190388740175,0.5022309519063397
759,0.006649072085983976,0.6197037937608217,0.9426843857803398,0.5196078240359616
760,0.2526461256800413,0.3612106364782848,0.3049413558057771,0.8306824999573309
761,0.38226076352398886,0.6184906406260985,0.7246491029401128,0.5194347481102698
762,0.5398902878076827,0.7513899665045117,0.8047267646512044,0.989636341312209
763,0.9361733727785186,0.8303190799257336,0.5189176730044702,0.1434945275987657
764,0.4953576242234612,0.23980526563866356,0.4052971832254838,0.5779383829842951
765,0.872083666481575,0.5919653862426321,0.7056586295979838,0.04113558152068841
766,0.7647661941322978,0.9252813582158054,0.3506550065936642,0.9330404836998535
767,0.7365610374264696,0.7005651352935068,0.10454414976307758,0.2111427977790178
768,0.13195318549367407,0.993515098679263,0.7780004311938887,0.9928313093177776
769,0.676389208374431,0.7939218308889484,0.08342283741314982,0.5530570932552608
770,0.5683186375520974,0.9586756766076414,0.5650076982851581,0.8910545795250943
771,0.2692366678070707,0.3627587919345865,0.32768103369534063,0.5218611604641391
772,0.7712743477698051,0.1787849608994021,0.5821321500120478,0.7353203428200008
773,0.9712732423467012,0.8124497456220792,0.3824734623779812,0.6844945776332878
774,0.44395333471256926,0.3060973678191423,0.988037275163396,0.07511848585711622
775,0.15352702991547307,0.9539684971746825,0.8932053241914891,0.05349698282537896
776,0.23521710425550302,0.8281442754985805,0.439530216102212,0.9771881869350444
777,0.47188590090568316,0.30562030284744335,0.05981915016824502,0.46797737201557144
778,0.5996926295321675,0.24422822357316998,0.2736122850454945,0.17276213252499384
779,0.6697393217198225,0.9506153476495574,0.35279464799696403,0.632756856042279
780,0.3249917601241472,0.07787950688930567,0.04211367668524446,0.10537640032846995
781,0.057488363271962384,0.23280431459627182,0.8810320250081738,0.4718234150826117
782,0.6996513732527536,0.7823912964506209,0.2922391755187712,0.18956668859931258
783,0.2128782598568093,0.03182314753782234,0.7017430292077257,0.9457178732856767
784,0.08943530859931215,0.5281155981152822,0.04380419022397153,0.4387826127909543
785,0.9090187747647691,0.8908217540275545,0.9869748941705444,0.2482500467676001
786,0.5639319480028655,0.9276504839263401,0.3379594416653684,0.33483656211104607
787,0.11101992428755914,0.03489850923022475,0.6033923611237481,0.615397246075521
788,0.07641841772338465,0.5378293717714402,0.8416519722388482,0.7563780581433924
789,0.4497699219946022,0.06488749656528581,0.5726704335835725,0.4838675483384307
790,0.6978138694030247,0.17819606800899923,0.2804796341420036,0.5029046125617649
791,0.6915446791812828,0.3275694629012479,0.3343631117928413,0.30923693860905055
792,0.15186714809129054,0.39688946655687485,0.5922830991307737,0.3698390954861327
793,0.12330647701994923,0.8002343671653748,0.8390327494712743,0.5299018204949465
794,0.5359606285770936,0.26215829084764286,0.5360109258579516,0.29465642060410113
795,0.046072062261446,0.9312170840086044,0.06881629089689656,0.3727141096874067
796,0.9228086904651361,0.5150456612541183,0.7574280653279372,0.37787870791371136
797,0.5447038998613771,0.4253343035854009,0.003769764600603409,0.5323903185545601
798,0.8341674444423615,0.8712483528574331,0.20920688577138025,0.05554760351198296
799,0.9342643971655501,0.9596745070177398,0.199249692728532,0.1397234510770583
800,0.7149629358123032,0.018328844448023296,0.07583550614807066,0.8745247332843119
801,0.07549014439409296,0.7558944919766852,0.34467080329018995,0.3777049837861569
802,0.9685927073925954,0.5173078816975677,0.2844014585841921,0.31597003869875817
803,0.36909366712602765,0.8302012347360956,0.7592546507573187,0.8846817801526847
804,0.3414615362599879,0.2099109179224078,0.7858212184178596,0.7195945603918052
805,0.3137467278220033,0.5283527084789623,0.5653008054880718,0.8580214112209821
806,0.7677966094482958,0.8370409873373894,0.35264826427962614,0.008932207989818086
807,0.4532988625559705,0.5560059534502245,0.439357688367926,0.6030712724846619
808,0.8169692696257117,0.33514415529249486,0.08139994244573978,0.46340360524876645
809,0.011144699142767944,0.9721705302996122,0.7552498498149286,0.7266709242040613
810,0.1980969248894423,0.4777843545689565,0.49737979674053945,0.573602024462114
811,0.5595246957051189,0.24937933002095647,0.10130332404024078,0.5581422748384984
812,0.9973951595621576,0.8083202684211979,0.6042317032294551,0.6735756382816086
813,0.6596997063346143,0.04748481726520659,0.07406025209834177,0.6704102792093325
814,0.33825175158272347,0.805025504359714,0.6764559482047929,0.5623222758308205
815,0.13573495622178966,0.6467656720282593,0.7043110366370414,0.08644192139965556
816,0.9943008815537059,0.20399221368856812,0.0635985115358978,0.507599028293921
817,0.935871055463236,0.17051021414540968,0.2362487259674354,0.9453009637517609
818,0.48575156539928144,0.6691418248493396,0.5314822982243584,0.0698535206967591
819,0.3219849726308057,0.7953326908422813,0.17659716930150537,0.3375735456105927
820,0.18742795346628482,0.0057151904541123955,0.19226289285414833,0.029057088379097595
821,0.2872327148044538,0.9498205512709001,0.05778206457292956,0.2564043197928606
822,0.8278195741071137,0.571873484525959,0.18924021568053406,0.813601524346869
823,0.27978189342645765,0.7631970226605355,0.5546807308459296,0.731871303494813
824,0.8629590544092545,0.7308094380940228,0.3259628796031634,0.8060245649745247
825,0.4141266865738532,0.9691766362769375,0.118179125410516,0.9229559076252876
826,0.038961567766291005,0.7684315121456798,0.454298292979852,0.010925210869491053
827,0.761160091633399,0.5846424166605666,0.3986318787911243,0.08910003120381038
828,0.936466036371606,0.39682076707613356,0.7660084894915706,0.1628950429177175
829,0.958138954231583,0.8767210190749823,0.7218360712965257,0.9790585819276268
830,0.38834902136139826,0.8745165030868375,0.8615905506532995,0.9221905734313134
831,0.4405574483762895,0.32256040470532943,0.14282594133034776,0.30245279129943503
832,0.2877899130484468,0.07322294764965898,0.8558408749410648,0.6482456986514462
833,0.819765207778808,0.2316632595287521,0.12228010031590208,0.9970864738998658
834,0.5857161948074415,0.24655500422315002,0.3229994948619743,0.10087913950383409
835,0.3719505055048157,0.38478622401295715,0.7060638962202405,0.19655714419318415
836,0.29425784587804127,0.20239770278713676,0.7069210369446954,0.3447717844568835
837,0.9919579210463191,0.22781847649160325,0.47214245021326295,0.28244176262893805
838,0.8264579562319636,0.003281533451889973,0.9349102858203733,0.4530402882096475
839,0.6486552633099231,3.711119537441743e-05,0.06990676312614197,0.3996954202938807
840,0.5179726236958047,0.22251544517182953,0.9238364453709644,0.3998605201038804
841,0.699147434291234,0.7037396075129225,0.5298822118369779,0.816641767498677
842,0.1551200037434256,0.7130101025226242,0.20165573478530996,0.7354183457429273
843,0.4079919538794292,0.8009656780531406,0.1386175281507659,0.17157152343461513
844,0.7801015279796394,0.9139881884677665,0.4359667984579978,0.33015013483710176
845,0.37150135429030473,0.8340730780179143,0.6621296324302091,0.26831407584935696
846,0.36534207471328106,0.3696928732096555,0.4766671401424529,0.5800824215944113
847,0.7501100858357602,0.6256792150508453,0.06255455452175307,0.6018617764898364
848,0.6594221001807453,0.5936200097604156,0.1291216607608694,0.2313949324400657
849,0.07853532313630163,0.2757276080866514,0.9489217570518241,0.25723175818705635
850,0.6944128627517564,0.4899373173895064,0.3944707158179773,0.5212897170734204
851,0.8050364051236135,0.19730195961024688,0.07286012947046294,0.6365958356975616
852,0.06070260088678914,0.7868429718509269,0.5456531332769573,0.1372666185063507
853,0.43727195058945045,0.10352707576268605,0.06401877644879461,0.5859243856474224
854,0.2768776980332672,0.1555282891120643,0.6721707803408182,0.04114446855777798
855,0.9468852367095334,0.7351760071368103,0.34255309773762066,0.6382003699167358
856,0.7056669350970043,0.25958571075296255,0.24287534010213208,0.12261572862424874
857,0.42920849869178257,0.8115371163851404,0.5704833826030117,0.2285954569497698
858,0.852455657435623,0.5934439863858475,0.10855336957256201,0.8170383776729905
859,0.4912663819087467,0.2745287063640026,0.23214188066000285,0.7458879014050186
860,0.20460826633966567,0.050482151216452276,0.8936318291153762,0.6224361918832031
861,0.17945595374443613,0.40118479761380244,0.7391826063054956,0.9849335526695226
862,0.8298528221092172,0.24610317802419257,0.9812519235139378,0.8652939442949273
863,0.17310013791766998,0.7049105891211076,0.3571444750716186,0.09589091649393577
864,0.11034824607289218,0.8238632270216965,0.9696874360566525,0.7075052619035048
865,0.0955566656582395,0.3764960345649113,0.03686983483960149,0.8710566167913514
866,0.8717562570359378,0.3286913258510211,0.49620668774569754,0.4589170484223295
867,0.692395201616044,0.772680535801299,0.43323074877012335,0.3753457513497894
868,0.8337581284430658,0.8498553175569235,0.9597504192399045,0.09038724556230315
869,0.6802988409111962,0.011383648243206035,0.4127832967552876,0.07548291866774504
870,0.43642744996423166,0.41744173800373674,0.18633004058306435,0.5863958639298439
871,0.5275029312547458,0.7555887553581054,0.8783244650654849,0.5536483653196115
872,0.887341265083874,0.33275857120836894,0.2867399719401008,0.9558447683436984
873,0.7506925426214563,0.9220220651558093,0.005083521785073097,0.4440315937297037
874,0.4455320105614412,0.4977113358558287,0.4976210243604112,0.010274861627518339
875,0.5936747682164848,0.655700067755284,0.322447541319135,0.39735915078578066
876,0.047044707777043504,0.0201557615716198,0.7519400979308336,0.41317369561080697
877,0.42664521270280065,0.6109986179121162,0.020494875777170796,0.8886597008700666
878,0.6035599836509399,0.8099257964821627,0.5084662488301922,0.36437021941655856
879,0.9783224544727697,0.8359391585587705,0.30505262440727465,0.5735907433141614
880,0.8156228472608126,0.45685381308086637,0.7673414789073276,0.4732004840851445
881,0.37880520300372966,0.9636541897492639,0.8937472996390199,0.6237859080656905
882,0.21301859950256663,0.802023030317461,0.37339626214413724,0.3351024590635211
883,0.25709004958917325,0.7186960150691606,0.2967860067266145,0.7186065895521556
884,0.23492211008590758,0.6490296204696211,0.4777721887604536,0.00522176661740581
885,0.7343639402111546,0.4867139167477482,0.1158979960665617,0.23726675737273062
886,0.7619812885634525,0.3821898188289856,0.6767299727136658,0.2860510751506101
887,0.3518713999636276,0.3489661350471518,0.761839618146539,0.8301589653610292
888,0.1621635729824341,0.9368135703455548,0.7158013575930124,0.3483563718067224
889,0.36222127922272296,0.24309685411501025,0.5753622345898749,0.5901421771251286
890,0.3274752405063336,0.5416192645002298,0.43992760925313623,0.4010393006982046
891,0.26999611044948957,0.800738239793129,0.6277641676740479,0.14958672305846077
892,0.958670739696483,0.10208045068612148,0.12984284703654625,0.9532939686636592
893,0.10074341253609287,0.8046109842377798,0.7849952635639084,0.03755108369802407
894,0.1118918835209235,0.4346209382366901,0.2793023611131039,0.33951871161199
895,0.8070380134674947,0.6373670924947753,0.49350966574809496,0.6809997748325376
896,0.46038752210913947,0.5598411299189364,0.4702417150830698,0.7596906811686044
897,0.5845878761003904,0.8408261524899616,0.537719916202847,0.6579688074105551
898,0.8104360592954791,0.8503112591849245,0.5779354251666788,0.3166839653555329
899,0.030338631543567085,0.7130362691882081,0.36365430773679863,0.003913672017264891
900,0.5414413066787247,0.8394438636722086,0.7665996385823476,0.6111604919546169
901,0.22582123723328618,0.023012600983202458,0.6023789566613041,0.27830681588433337
902,0.675101202677685,0.9292095641325052,0.9522466379441653,0.29784567627210545
903,0.9910298851726713,0.062111767282191255,0.5271579225708102,0.5455974303284109
904,0.34374461958368874,0.2133011336698034,0.32549842492859393,0.4894864995147784
905,0.0048763102854637586,0.3166628164612937,0.5570383916823912,0.4384064791925394
906,0.1124209628859415,0.8005697570236394,0.6903909230274482,0.7913270496206971
907,0.8847053973219813,0.4494737798712698,0.7849126132077376,0.5538832282094561
908,0.5847579369292871,0.06315824570296402,0.23457410694737546,0.24354267614612168
909,0.3179270111783893,0.12535139601364975,0.9267638740501378,0.08224040274347055
910,0.2814517362853215,0.8158880158434697,0.2862429938876895,0.4251609152722261
911,0.39904931164716595,0.1487479164970419,0.37845468116371295,0.9622898663617052
912,0.4903806823920117,0.5383599627032152,0.7658883805883175,0.8400796976809888
913,0.920360878118556,0.37331351949770375,0.022553731333452842,0.6580376159019864
914,0.000884327965655074,0.40187738515600624,0.47364317859266714,0.17083094047757308
915,0.16334481894227637,0.24353448968197466,0.320438937057946,0.057822588713748235
916,0.9892110351795735,0.05979181319658833,0.7211708940585378,0.46422716672807474
917,0.0868757299261782,0.7611992046365784,0.08897732397396341,0.8489480686912979
918,0.7728418634647463,0.9572562722778553,0.7671653850544096,0.20522494413241676
919,0.2877070387906314,0.24195264715329812,0.4950079719047573,0.35607486648291986
920,0.11952296077290592,0.17821097725585133,0.8168646762889809,0.8125702118223004
921,0.3355834760737125,0.8817019843276559,0.5507924835717563,0.5583714855998954
922,0.12061322331817437,0.8723390460720323,0.19476746884884977,0.4629644632813946
923,0.9613748270804797,0.18521880511137756,0.22993984410726798,0.6448361251804596
924,0.3891494673777267,0.7009518911630912,0.4670056644267562,0.988225338865688
925,0.9778986885601235,0.9880170769103902,0.2139562638282344,0.9093072472599357
926,0.3933406101418484,0.8649215897703358,0.5325427238001758,0.0195818107766349
927,0.06752879508988141,0.9345340496554023,0.45749754130944953,0.4650782553884478
928,0.4351734610401883,0.41228930288180043,0.24954093186103044,0.14492397214966457
929,0.3505255412366918,0.9832361675957814,0.31366524467393164,0.9426889847452203
930,0.45685214181509437,0.47515374360315554,0.9985019988476722,0.2679915620000045
931,0.9659524207063396,0.33218404279672376,0.7164814657994332,0.1848780403250977
932,0.07691998445478132,0.9213907720899858,0.7209760233389068,0.9739844044457394
933,0.18298338179394225,0.5096345038828628,0.4984628347694119,0.07291165305913394
934,0.908088748099412,0.21234893201136318,0.5089755315821662,0.6000203251998208
935,0.8347548078000077,0.6485898785391102,0.5449059522927233,0.9716525500728482
936,0.7207020724119354,0.07585961519031348,0.7320706439187235,0.5173128232569648
937,0.8750479419360272,0.9769881722922181,0.8126990654178663,0.15289585727988309
938,0.49765162355700887,0.9851236212980632,0.08871508322438826,0.36829186500123867
939,0.3611093243280219,0.20645479373024045,0.6098943378244359,0.16653434172184445
940,0.4112352809930314,0.28754559037594984,0.5477304865453488,0.5423989573156429
941,0.33768263881893246,0.07378416578685199,0.06128125776008353,0.14260653623812136
942,0.1297254649139431,0.5312372285441334,0.808495407636116,0.01022308231353497
943,0.2795662403978232,0.35341198162376175,0.038484153482092665,0.6243827140929316
944,0.7008229358413918,0.9720889070299389,0.7425146158804216,0.966853530290493
945,0.3518279438792671,0.3682802881085816,0.255521112481189,0.9726950302135899
946,0.16998760371717758,0.1152149303549399,0.29649231558186095,0.0016998573959773333
947,0.5192978880651393,0.038263520862412026,0.6039719521068461,0.14213352313152228
948,0.7654958327538003,0.6932950637322646,0.05369463110783479,0.1982621779488447
949,0.4558484532708643,0.7227973601297575,0.3891961359067513,0.3595008291392954
950,0.24006101522877188,0.7396338673329882,0.41637107358858383,0.5243270591295031
951,0.6318698119938595,0.1397355648780827,0.12565069379628135,0.9355774926902699
952,0.1688286055836341,0.7391738510565987,0.009056732186590977,0.6748083393509948
953,0.25810115311258697,0.6149510361163623,0.8367953543487081,0.6324301159934983
954,0.6219173005543819,0.8803886154818468,0.18909928150190047,0.6040815175076245
955,0.24894001400699117,0.49015663249129005,0.33503836448012014,0.9786431080020526
956,0.3844397765011869,0.39162220906846223,0.5273536029087127,0.6733379384874052
957,0.34662459256100153,0.015029157776187296,0.6564076380889602,0.5239485856621718
958,0.3446608804564675,0.21639654766349203,0.4078106037120143,0.09454341659368926
959,0.5740389120308459,0.8710116972318885,0.17432253482894688,0.4984593550616885
960,0.027900142103974623,0.27178246108115234,0.533685174771628,0.33199444527485256
961,0.3682852157613318,0.7000405390407669,0.6272279434252928,0.5386573090681936
962,0.8576086549765464,0.226435675420519,0.1962731837634888,0.8635474296257438
963,0.5181066749118041,0.7656339097821915,0.9227342954045658,0.8546900143115345
964,0.7136881312940028,0.8277191975805127,0.19649936177938365,0.05422741359848371
965,0.5056961413563722,0.2316642537739808,0.7970295428624502,0.29609209577567075
966,0.9270275626196672,0.9938984996140627,0.23518779698803605,0.7620129197162083
967,0.5817229857667597,0.1808278502898053,0.7026594138203003,0.4422658419229636
968,0.593706603189247,0.6616044602751344,0.13824987343701445,0.4542211163254821
969,0.9970258970321947,0.30813024637432684,0.12412661446029083,0.2115522333719856
970,0.3554685443936695,0.9003250521321499,0.8046550820734129,0.06459227619031316
971,0.9718568140779033,0.5275822786109423,0.6218985476856781,0.8608918380472139
972,0.4810970015688638,0.2133974432594442,0.09821273653746321,0.7282134985693439
973,0.8705996795730644,0.022317914240787995,0.19504343091179754,0.5016534701894056
974,0.5461505026913441,0.371558431110923,0.42711103442197496,0.6936193222590196
975,0.547333481379783,0.580825368973569,0.20756231939540604,0.4449647203227802
976,0.9420336886753784,0.18894332363036248,0.9762039403788707,0.1590248946832704
977,0.7936555657122851,0.7810653564375529,0.824354587164277,0.6359341863896055
978,0.9500686110151002,0.19544658306056162,0.6261125280387896,0.5203029365098462
979,0.6882078900628946,0.8225837943098615,0.25959651575341935,0.113417066470064
980,0.4290488051887552,0.7090984135604954,0.6908318651502056,0.47635801767567454
981,0.012360314419437524,0.486778868664798,0.13323748771324606,0.5811581208241922
982,0.8062681812262512,0.6921823395678897,0.39207462290652084,0.4131274528900737
983,0.6401144200521753,0.1564098759067183,0.4818315886294954,0.7881491653069411
984,0.40677088969898334,0.3093075521048534,0.35655697174747103,0.1208826884725096
985,0.8012134705243711,0.04686684477319458,0.13441592049071138,0.7496116437452793
986,0.05396099353137129,0.9252534651159589,0.050720904789927634,0.6476514575692133
987,0.5632481790943561,0.21530735676539958,0.9040884809033207,0.34955554034584135
988,0.7929201826771365,0.023180021895224057,0.9121256078891017,0.0009730888608446842
989,0.782680899994763,0.2617671109336758,0.4709155209911857,0.815552991743776
990,0.37614504930080295,0.9419003827194906,0.5197663487825058,0.7769594477200811
991,0.5457269446448098,0.34361602088640664,0.3702465899908258,0.6851647373403541
992,0.8560750439052366,0.4365879102926171,0.8564345470305255,0.6493576369927245
993,0.9844812026740689,0.7376274691516982,0.8780715074687678,0.597482028138474
994,0.5777427525164636,0.7709093444076928,0.14833713365405898,0.8528319894011555
995,0.046832968618928716,0.47626677197255163,0.9531942682594212,0.9721590102938653
996,0.21538186625750688,0.31369020213314336,0.7529644970197739,0.8342215001585699
997,0.9831151836961333,0.6427439532503068,0.56368907773999,0.9896175101774742
998,0.4423513411784713,0.9413058483890572,0.5378027202723026,0.26677558363703013
999,0.016964020090143195,0.10904991903789574,0.32932967074234887,0.43316809042432214
